{"Error": {"MSE": 1.683687989595348e-08, "RMSE": 0.00012975700326361378}}