{"Error": {"MSE": 8.69700412844876e-06, "RMSE": 0.002949068349233154}}