{
    "Error": {
        "MSE": {
            "1": 0.001058411853032037,
            "2": 0.0023924987302573605,
            "3": 0.006285236128382114
        },
        "RMSE": {
            "1": 0.03253324227666276,
            "2": 0.0489131754260277,
            "3": 0.0792794811308835
        }
    }
}