{"Error": {"MSE": 6.037810727845054e-07, "RMSE": 0.0007770335081478182}}